[
  {
    "id": 1,
    "title": "Frontend Intern (React)",
    "company": "Internee.pk",
    "type": "Internship",
    "location": "Remote / Karachi",
    "summary": "Work on UI components, responsiveness, and accessibility. Mentorship provided."
  },
  {
    "id": 2,
    "title": "Backend Intern (Node.js)",
    "company": "Internee.pk",
    "type": "Internship",
    "location": "Remote / Lahore",
    "summary": "Build APIs, integrate databases, and write tests."
  },
  {
    "id": 3,
    "title": "Design Intern (UI/UX)",
    "company": "Internee.pk",
    "type": "Internship",
    "location": "Onsite / Islamabad",
    "summary": "Help craft beautiful interfaces and narrative-driven UX."
  }
]